index,test_index,image,mse,psnr,ssim
0,0,000.png,0.0028882939368486404,25.393585963930583,0.8012896180152893
1,8,001.png,0.0022420035675168037,26.49363681312407,0.8314282894134521
2,16,002.png,0.0020698278676718473,26.840657491303222,0.8271685838699341
