{
  "iter": 100000,
  "global_step": 99999,
  "valset_mean_mse": 0.00841395789757371,
  "valset_mean_psnr": 20.786513033735055,
  "valset_psnr_per_image": [
    19.85463593889693,
    21.291706971412722,
    20.94907236075978,
    21.050636863870793
  ]
}