{
  "iter": 100000,
  "global_step": 99999,
  "valset_mean_mse": 0.006846886477433145,
  "valset_mean_psnr": 21.780306082366977,
  "valset_psnr_per_image": [
    21.06659976806366,
    23.744656647873956,
    20.973665681545718,
    21.336302231984572
  ]
}