{
  "iter": 100000,
  "global_step": 99999,
  "valset_mean_mse": 0.0013918841839767992,
  "valset_mean_psnr": 28.768985707633806,
  "valset_psnr_per_image": [
    28.632588236100993,
    28.51431353118292,
    26.842535313513174,
    28.721219861674495,
    31.13427159569744
  ]
}