{
  "iter": 100000,
  "global_step": 99999,
  "valset_mean_mse": 0.0005326172887670019,
  "valset_mean_psnr": 33.01055426619915,
  "valset_psnr_per_image": [
    31.905614038766785,
    31.95025011304972,
    29.62427363617103,
    33.613949025771944,
    33.71865435117287,
    33.87074549910143,
    32.15310470922632,
    33.455070940085406,
    34.45735865027046,
    34.508408395297124,
    31.386906982675104,
    33.048008906855,
    35.44486021214577
  ]
}