{
  "iter": 100000,
  "global_step": 99999,
  "valset_mean_mse": 0.0014571087434887887,
  "valset_mean_psnr": 28.548068471524175,
  "valset_psnr_per_image": [
    28.282575452960877,
    28.286639931627455,
    26.81981807702376,
    28.481703519105906,
    30.869605376902886
  ]
}