{
  "iter": 100000,
  "global_step": 99999,
  "valset_mean_mse": 0.000936092607354602,
  "valset_mean_psnr": 30.381810619186204,
  "valset_psnr_per_image": [
    29.729578152981944,
    29.704977403571775,
    28.324486454496913,
    30.91243838638875,
    30.93926418355547,
    30.68217573820704,
    29.703154868713963,
    31.09686281283933,
    31.184719537754383,
    31.018067643280162,
    29.467912974529497,
    30.59433980111301,
    31.605560091988394
  ]
}