{
  "iter": 100000,
  "global_step": 99999,
  "valset_mean_mse": 0.0005592456235227963,
  "valset_mean_psnr": 32.7983791127509,
  "valset_psnr_per_image": [
    31.77798244937214,
    31.559886552043327,
    29.33751674408253,
    33.55408935810536,
    33.541534785515005,
    33.48906381888424,
    32.122975260823495,
    33.30266735797603,
    34.09838071907928,
    34.20481122830277,
    31.249546180080916,
    32.901470967682286,
    35.23900304381432
  ]
}