index,test_index,image,mse,psnr,ssim
0,0,000.png,0.009315673261880875,20.307857476620107,0.6839122772216797
1,8,001.png,0.006164897233247757,22.100741515054338,0.7768179774284363
2,16,002.png,0.006703044753521681,21.737278745087373,0.7609303593635559
3,24,003.png,0.006162202451378107,22.10264030540327,0.7599921822547913
