index,test_index,image,mse,psnr,ssim
0,0,000.png,0.0009843262378126383,30.068608942362957,0.8639789819717407
1,8,001.png,0.0006277031498029828,32.02245622874143,0.8957749009132385
2,16,002.png,0.0005012431647628546,32.999514499747114,0.9108759164810181
3,24,003.png,0.0009568891837261617,30.191383090867,0.8781653046607971
4,32,004.png,0.0006841900758445263,31.64823166057333,0.9034891724586487
5,40,005.png,0.0006904540350660682,31.608651650930003,0.9152190685272217
