{
  "iter": 100000,
  "global_step": 99999,
  "valset_mean_mse": 0.0006094084237702191,
  "valset_mean_psnr": 32.2565747899739,
  "valset_psnr_per_image": [
    31.283421274583908,
    31.70367720283291,
    31.992189525387204,
    33.046523547403794,
    31.955992004700228,
    33.36832129287346,
    33.67508188077914,
    31.927979549589388,
    31.13562087202908,
    31.15511224728763,
    31.915311673530308,
    34.38858245363824,
    31.78765874502529
  ]
}