{
  "iter": 200000,
  "global_step": 199999,
  "valset_mean_mse": 0.0005929835046677348,
  "valset_mean_psnr": 32.38283194339216,
  "valset_psnr_per_image": [
    31.692145456249573,
    31.82580110080211,
    32.301714225650386,
    33.469631235840815,
    32.21042070761744,
    33.70650194298585,
    33.57974625418182,
    31.561684076300796,
    31.59005319570207,
    31.17941124073821,
    31.714423994731685,
    34.5489846958655,
    31.596297137431854
  ]
}