{
  "iter": 100000,
  "global_step": 99999,
  "valset_mean_mse": 0.005710397730581462,
  "valset_mean_psnr": 22.50079927477809,
  "valset_psnr_per_image": [
    21.296368283672656,
    22.937121502510017,
    22.482247578432784,
    23.287459734496906
  ]
}