{
  "iter": 100000,
  "global_step": 99999,
  "valset_mean_mse": 0.008768432890065014,
  "valset_mean_psnr": 20.654275167040403,
  "valset_psnr_per_image": [
    20.166506984617047,
    22.190781900161795,
    20.089194651365254,
    20.17061713201751
  ]
}