{
  "iter": 100000,
  "global_step": 99999,
  "valset_mean_mse": 0.002261411300143943,
  "valset_mean_psnr": 26.547379667322524,
  "valset_psnr_per_image": [
    27.38101826627129,
    27.90201643657049,
    26.576193593311675,
    26.45816027581732,
    25.36831188768961,
    26.374551751012238,
    26.489512012426935,
    26.539968842425786,
    24.9256058050093,
    25.312783339673636,
    27.64460431511474,
    26.720326518437545,
    27.422882631432234
  ]
}