{
  "iter": 100000,
  "global_step": 99999,
  "valset_mean_mse": 0.0014202537713572383,
  "valset_mean_psnr": 28.67771192849518,
  "valset_psnr_per_image": [
    28.560514252172204,
    28.524314361151028,
    26.841754865688298,
    28.362464560865295,
    31.099511602599087
  ]
}