{
  "iter": 200000,
  "global_step": 199999,
  "valset_mean_mse": 0.0005164108162996575,
  "valset_mean_psnr": 33.00096461090488,
  "valset_psnr_per_image": [
    32.12464893802214,
    32.489720805792686,
    32.80269336411871,
    34.193758549593504,
    32.71421422787931,
    34.58649910431131,
    34.307284629860646,
    32.28650276431929,
    31.940650891419473,
    31.584398532885235,
    32.51143220715499,
    35.1547630068197,
    32.31597291958644
  ]
}