{
  "iter": 100000,
  "global_step": 99999,
  "valset_mean_mse": 0.000526991798184239,
  "valset_mean_psnr": 33.057393143713746,
  "valset_psnr_per_image": [
    31.988624418035876,
    31.956195470395855,
    29.64581639886077,
    33.74158449220522,
    33.54441916518507,
    33.979586813259914,
    32.23364726935613,
    33.549761739842246,
    34.330266283694534,
    34.465036746145834,
    31.504375439593858,
    33.11110561088652,
    35.695691020816874
  ]
}