{
  "iter": 100000,
  "global_step": 99999,
  "valset_mean_mse": 0.0011729354647776256,
  "valset_mean_psnr": 29.357971876936407,
  "valset_psnr_per_image": [
    28.978236094059746,
    29.24908316927976,
    29.2227486175536,
    29.607006116351926,
    29.257785587641273,
    30.160018837907614,
    30.585297840357835,
    28.887377850695877,
    28.69666562577612,
    28.272642646956406,
    29.382135676490428,
    30.530966212404195,
    28.82367012469861
  ]
}