index,test_index,image,mse,psnr,ssim
0,0,000.png,0.009310166351497173,20.310425544299875,0.656833827495575
1,8,001.png,0.005251352209597826,22.797288442188268,0.7694554924964905
2,16,002.png,0.009375880472362041,20.279879332259934,0.6736817955970764
3,24,003.png,0.008866501040756702,20.52247725719459,0.6735923886299133
