{
  "iter": 100000,
  "global_step": 99999,
  "valset_mean_mse": 0.0018968664420147736,
  "valset_mean_psnr": 27.260613022673777,
  "valset_psnr_per_image": [
    26.48619472939131,
    27.36657659168596,
    27.929067746944064
  ]
}