{
  "iter": 200000,
  "global_step": 199999,
  "valset_mean_mse": 0.0005081527141066125,
  "valset_mean_psnr": 33.07685953430237,
  "valset_psnr_per_image": [
    31.973072242261097,
    32.609904936289105,
    32.720923683765285,
    34.19097646281444,
    32.79518426278872,
    34.5533920017317,
    34.45028396386351,
    32.489721702739274,
    32.034198675868836,
    31.61126107676135,
    32.61034480727882,
    35.42623386789059,
    32.533676261878085
  ]
}