{
  "iter": 100000,
  "global_step": 99999,
  "valset_mean_mse": 0.0006839111245846233,
  "valset_mean_psnr": 31.745680127233264,
  "valset_psnr_per_image": [
    30.849957402646126,
    31.364340347737816,
    31.425838826991153,
    32.55081438204876,
    31.46084875468819,
    32.902894703871354,
    33.146731612523624,
    31.35201877437932,
    30.725670592008388,
    30.561875776825595,
    31.53300179248373,
    33.59130934510945,
    31.22853934271891
  ]
}