{
  "iter": 100000,
  "global_step": 99999,
  "valset_mean_mse": 0.005712061421945691,
  "valset_mean_psnr": 22.503673906803087,
  "valset_psnr_per_image": [
    21.259245770121716,
    22.96809759036128,
    22.49069515422795,
    23.2966571125014
  ]
}