{
  "iter": 100000,
  "global_step": 99999,
  "valset_mean_mse": 0.003254483131548533,
  "valset_mean_psnr": 24.915701074820053,
  "valset_psnr_per_image": [
    25.31911813646265,
    25.763186979532968,
    24.758932136648568,
    24.632440145857867,
    24.263843180743663,
    24.829375102168644,
    24.98933972204597,
    25.100721026963463,
    23.6552626346717,
    24.21675797786776,
    25.565994720059887,
    25.537877923192625,
    25.27126428644495
  ]
}