{
  "iter": 100000,
  "global_step": 99999,
  "valset_mean_mse": 0.001985947717912495,
  "valset_mean_psnr": 27.0644052907505,
  "valset_psnr_per_image": [
    26.256141226673805,
    27.1893926878851,
    27.747681957692592
  ]
}