{
  "iter": 100000,
  "global_step": 99999,
  "valset_mean_mse": 0.002307046204805374,
  "valset_mean_psnr": 26.444908609353906,
  "valset_psnr_per_image": [
    25.980579842554747,
    26.20663293058421,
    25.449923317381796,
    26.688517923401676,
    27.898889032847094
  ]
}