{
  "iter": 100000,
  "global_step": 99999,
  "valset_mean_mse": 0.0022714201611681627,
  "valset_mean_psnr": 26.54203394109364,
  "valset_psnr_per_image": [
    27.487231581874802,
    27.971050541877535,
    26.47650468010607,
    26.392449591359743,
    25.39014521591902,
    26.460062346635738,
    26.449504324457717,
    26.74552886075524,
    24.64539213115176,
    25.30416929163705,
    27.654531926305097,
    26.61165283468985,
    27.458217907447704
  ]
}