index,test_index,image,mse,psnr,ssim
0,0,000.png,0.002246321178972721,26.4852812888202,0.8930307626724243
1,8,001.png,0.0019670261535793543,27.061898435841943,0.8889700770378113
2,16,002.png,0.0018910240614786744,27.233029221703873,0.893398106098175
3,24,003.png,0.003084955969825387,25.107510159964654,0.8490393757820129
4,32,004.png,0.0025020926259458065,26.01696599670422,0.88142329454422
5,40,005.png,0.001853007124736905,27.32122887396022,0.903271496295929
6,48,006.png,0.001682849833741784,27.73954610021585,0.9095637798309326
