{
  "iter": 100000,
  "global_step": 99999,
  "valset_mean_mse": 0.001047425831739719,
  "valset_mean_psnr": 30.08763353008895,
  "valset_psnr_per_image": [
    26.991004225859427,
    33.424842908751245,
    27.87290731762051,
    29.896231835775392,
    29.389551555985722,
    28.94527438189112,
    30.944599387049312,
    31.519376584455166,
    29.83952606550678,
    31.420720619004356,
    29.937901509626947,
    30.864382122705003,
    30.092917376925413
  ]
}