{
  "iter": 100000,
  "global_step": 99999,
  "valset_mean_mse": 0.0028424736422797046,
  "valset_mean_psnr": 25.49788221696433,
  "valset_psnr_per_image": [
    24.745208185433416,
    25.73467805666604,
    26.013760408793548
  ]
}