{
  "iter": 100000,
  "global_step": 99999,
  "valset_mean_mse": 0.00322758719826547,
  "valset_mean_psnr": 24.95003129003482,
  "valset_psnr_per_image": [
    25.514757531615956,
    25.75650678420812,
    24.852524596497506,
    24.72218760697657,
    24.267062434898286,
    24.86478037405906,
    25.054738150486212,
    24.8104062734407,
    23.80362425183444,
    24.217415631982902,
    25.6462668249602,
    25.415371467604896,
    25.424764841887836
  ]
}