{
  "iter": 200000,
  "global_step": 199999,
  "valset_mean_mse": 0.0005183650803071662,
  "valset_mean_psnr": 32.99743307988164,
  "valset_psnr_per_image": [
    32.15179135167801,
    32.536000501983565,
    32.80868712961416,
    34.25419389025167,
    32.65967524254225,
    34.54006123588832,
    34.29952028659326,
    32.03379810812905,
    32.06140160368362,
    31.626757619608025,
    32.54104614808917,
    35.43781987932542,
    32.015877041074745
  ]
}