index,test_index,image,mse,psnr,ssim
0,0,000.png,0.002082999562844634,26.813108003473705,0.8233625888824463
1,8,001.png,0.0019516674801707268,27.095941520339043,0.8451440334320068
2,16,002.png,0.0025265347212553024,25.974747118430006,0.8138954043388367
3,24,003.png,0.0017834343016147614,27.487428602760993,0.8597584366798401
4,32,004.png,0.0012204883387312293,29.134663301501206,0.8751686811447144
