{
  "iter": 100000,
  "global_step": 99999,
  "valset_mean_mse": 0.0006030218456334507,
  "valset_mean_psnr": 32.32103054235576,
  "valset_psnr_per_image": [
    31.335132973748628,
    31.998903529408945,
    32.02654864818096,
    33.36763917586437,
    32.009735834878285,
    33.83535930072624,
    33.54817347031235,
    31.69804503598258,
    31.307949089719035,
    30.921567782596775,
    32.00663578226092,
    34.51875686623381,
    31.598949560712075
  ]
}