{
  "iter": 100000,
  "global_step": 99999,
  "valset_mean_mse": 0.008327768417075276,
  "valset_mean_psnr": 20.843000319650947,
  "valset_psnr_per_image": [
    19.78296446575323,
    21.425749646553825,
    20.957224753678933,
    21.206062412617797
  ]
}