{
  "iter": 100000,
  "global_step": 99999,
  "valset_mean_mse": 0.0006285828377048557,
  "valset_mean_psnr": 32.21897901044626,
  "valset_psnr_per_image": [
    31.40081428661469,
    31.36657602089805,
    29.11137961983185,
    32.63951098554052,
    32.916731249208844,
    32.8584496192326,
    31.584455694807172,
    32.59353739093604,
    33.48739996523156,
    33.48848213135642,
    31.03103227231541,
    32.1569150705955,
    34.211442829232666
  ]
}