{
  "iter": 100000,
  "global_step": 99999,
  "valset_mean_mse": 0.0006165940901085448,
  "valset_mean_psnr": 32.205891527003004,
  "valset_psnr_per_image": [
    31.23721853330766,
    31.797999483781286,
    31.98654738759157,
    33.03044863194284,
    31.895916496289146,
    33.435344008510235,
    33.52119569554064,
    31.55046534891738,
    31.259627815195486,
    31.169620124555372,
    31.956454476582188,
    34.363789966117935,
    31.471961882707365
  ]
}