{
  "iter": 100000,
  "global_step": 99999,
  "valset_mean_mse": 0.005938868620432913,
  "valset_mean_psnr": 22.33519336137373,
  "valset_psnr_per_image": [
    21.05313459696505,
    22.832559352254744,
    22.417743403099337,
    23.037336093175785
  ]
}