{
  "iter": 100000,
  "global_step": 99999,
  "valset_mean_mse": 0.001402559957932681,
  "valset_mean_psnr": 28.73064531340326,
  "valset_psnr_per_image": [
    28.504223894661926,
    28.45483522199047,
    26.84797840045941,
    28.769357383490856,
    31.07683166641364
  ]
}