{
  "iter": 100000,
  "global_step": 99999,
  "valset_mean_mse": 0.0006508825194592086,
  "valset_mean_psnr": 31.957674563233322,
  "valset_psnr_per_image": [
    31.07483576082601,
    31.489551320495682,
    31.666258496654084,
    32.733030302533756,
    31.705590285383924,
    33.061134044467636,
    33.204183793500434,
    31.441764182923713,
    31.027335579420168,
    30.989443359151217,
    31.696562664532244,
    34.00289611842496,
    31.357183413719362
  ]
}