{
  "iter": 100000,
  "global_step": 99999,
  "valset_mean_mse": 0.0031165298826705953,
  "valset_mean_psnr": 25.09579907833661,
  "valset_psnr_per_image": [
    25.63263191011035,
    25.87903314647715,
    24.851844355285678,
    25.034659151900378,
    24.519601545396007,
    25.043147742215154,
    25.19620450026447,
    25.125467004250538,
    23.95040840995741,
    24.471372356741167,
    25.69067180922499,
    25.50014533860113,
    25.350200747951483
  ]
}