{
  "iter": 100000,
  "global_step": 99999,
  "valset_mean_mse": 0.0023050407180562615,
  "valset_mean_psnr": 26.45450817260359,
  "valset_psnr_per_image": [
    27.286481904568305,
    27.711910466394507,
    26.44859990665633,
    26.12870660227349,
    25.299712092243713,
    26.32265309957738,
    26.613610829512538,
    26.463384354680354,
    25.003925135917466,
    25.235970834037204,
    27.497779798831317,
    26.71518622578389,
    27.180684993370154
  ]
}