{
  "iter": 100000,
  "global_step": 99999,
  "valset_mean_mse": 0.00681932014413178,
  "valset_mean_psnr": 21.803436802913765,
  "valset_psnr_per_image": [
    21.088483968347248,
    23.797231119105536,
    20.91542828755977,
    21.412603836642514
  ]
}