{
  "iter": 100000,
  "global_step": 99999,
  "valset_mean_mse": 0.006826899130828679,
  "valset_mean_psnr": 21.813129623549663,
  "valset_psnr_per_image": [
    21.027110171478547,
    23.92441553068589,
    20.944267887888568,
    21.356724904145658
  ]
}