{
  "iter": 100000,
  "global_step": 99999,
  "valset_mean_mse": 0.0018974391009228735,
  "valset_mean_psnr": 27.55478249135445,
  "valset_psnr_per_image": [
    24.86603743460982,
    31.02143118183147,
    26.05676792096963,
    27.15614527739692,
    25.89478927801722,
    25.477457844829612,
    28.6072044135342,
    30.066705311445773,
    26.625654463463697,
    29.342119311429418,
    27.696176707232503,
    27.412335388407488,
    27.98934785444014
  ]
}