{
  "iter": 100000,
  "global_step": 99999,
  "valset_mean_mse": 0.008483949466608465,
  "valset_mean_psnr": 20.7629549212465,
  "valset_psnr_per_image": [
    19.678742631061784,
    21.26213038384207,
    20.94504764979614,
    21.165899020286005
  ]
}