{
  "iter": 100000,
  "global_step": 99999,
  "valset_mean_mse": 0.0007572597443448523,
  "valset_mean_psnr": 31.296332276369224,
  "valset_psnr_per_image": [
    30.680344598753354,
    30.92079084969392,
    30.99203281772915,
    31.906308781986247,
    31.12666014534866,
    32.411716250100454,
    32.66963435643409,
    30.74077166400139,
    30.409208359715283,
    30.206468145800862,
    30.7817964226526,
    33.23063439148973,
    30.775952809094246
  ]
}