{
  "iter": 100000,
  "global_step": 99999,
  "valset_mean_mse": 0.006999575300142169,
  "valset_mean_psnr": 21.704289254898548,
  "valset_psnr_per_image": [
    20.967788579259334,
    23.81609357530648,
    20.816606185407558,
    21.21666867962082
  ]
}