{
  "iter": 100000,
  "global_step": 99999,
  "valset_mean_mse": 0.0006153163715050771,
  "valset_mean_psnr": 32.216803566628364,
  "valset_psnr_per_image": [
    31.26364877033644,
    31.714139639092103,
    31.993523895081914,
    33.14479541895037,
    31.904894712425186,
    33.49747637085941,
    33.5195905491497,
    31.61980605464815,
    31.184502366018773,
    31.2000529153725,
    31.873499873551197,
    34.34510885701811,
    31.557406943664912
  ]
}