{
  "iter": 200000,
  "global_step": 199999,
  "valset_mean_mse": 0.00043715220370079175,
  "valset_mean_psnr": 33.91037122192275,
  "valset_psnr_per_image": [
    34.69441315757388,
    33.308037508140515,
    34.58839282873147,
    37.4316285972788,
    31.585249850038267,
    34.17018476083324,
    36.63571999772368,
    33.46463634379737,
    34.66871017402694,
    31.887175016754178,
    33.30222203763619,
    31.449510211594863,
    33.648945400866324
  ]
}