{
  "iter": 200000,
  "global_step": 199999,
  "valset_mean_mse": 0.0003939286577336204,
  "valset_mean_psnr": 34.39757250018365,
  "valset_psnr_per_image": [
    35.26068161303465,
    33.86827395657438,
    35.088129907707724,
    38.076442432876455,
    31.975824488807213,
    34.80506148064721,
    37.136124827936015,
    33.80032247323464,
    35.39293147453443,
    32.29931070092773,
    33.66278033945094,
    31.716601170223587,
    34.08595763643247
  ]
}