{
  "iter": 100000,
  "global_step": 99999,
  "valset_mean_mse": 0.0010034362472092302,
  "valset_mean_psnr": 30.27977990273356,
  "valset_psnr_per_image": [
    27.1641369784426,
    33.743412699888125,
    27.957552027336412,
    30.12776767594982,
    29.64609320542161,
    29.2616414928402,
    31.43650296220745,
    31.5721584690108,
    30.05449356496761,
    31.35243811176259,
    30.112392676932792,
    31.072420397289257,
    30.13612847348695
  ]
}