{
  "iter": 100000,
  "global_step": 99999,
  "valset_mean_mse": 0.006869306438602507,
  "valset_mean_psnr": 21.77871544049256,
  "valset_psnr_per_image": [
    21.116503379343634,
    23.836366302295442,
    20.87680010552269,
    21.285191974808484
  ]
}