{
  "iter": 100000,
  "global_step": 99999,
  "valset_mean_mse": 0.0010747136883974934,
  "valset_mean_psnr": 29.96838577519672,
  "valset_psnr_per_image": [
    26.945002094818186,
    33.22072210146456,
    27.855097700538863,
    29.76937410489571,
    29.26669635970034,
    28.827939126300013,
    30.945768731700305,
    31.45687974251569,
    29.474989441018195,
    31.333352913667177,
    29.639741351322982,
    30.73297858408578,
    30.120472825529525
  ]
}