{
  "iter": 200000,
  "global_step": 199999,
  "valset_mean_mse": 0.0013508191332221031,
  "valset_mean_psnr": 28.93305116918544,
  "valset_psnr_per_image": [
    28.94803817726496,
    28.563299328543494,
    27.012207854461835,
    28.497008852981285,
    31.644701632675627
  ]
}