{
  "iter": 100000,
  "global_step": 99999,
  "valset_mean_mse": 0.0069786227541044354,
  "valset_mean_psnr": 21.710325089008776,
  "valset_psnr_per_image": [
    20.97178535751994,
    23.768112929088346,
    20.843673804702295,
    21.257728264724523
  ]
}