{
  "iter": 100000,
  "global_step": 99999,
  "valset_mean_mse": 0.001424996939022094,
  "valset_mean_psnr": 28.66869077961088,
  "valset_psnr_per_image": [
    28.531963985850396,
    28.4702109335899,
    26.825923081437224,
    28.369733381126064,
    31.14562251605081
  ]
}