{
  "iter": 100000,
  "global_step": 99999,
  "valset_mean_mse": 0.001744693883945449,
  "valset_mean_psnr": 27.864514969612156,
  "valset_psnr_per_image": [
    25.330161191366457,
    31.08411609584138,
    26.5246501782972,
    27.302238365740617,
    26.62221114402883,
    25.818018790965567,
    28.684491722231897,
    30.278455284710954,
    27.175059441991248,
    29.226782970286813,
    28.076833100321434,
    28.081045158561896,
    28.034631160613756
  ]
}