{
  "iter": 100000,
  "global_step": 99999,
  "valset_mean_mse": 0.001189392561522814,
  "valset_mean_psnr": 29.289236662955595,
  "valset_psnr_per_image": [
    28.959393454561106,
    29.00559833997356,
    29.23149537447252,
    29.410420806641287,
    29.18587853788857,
    30.02338739751263,
    30.522818619435515,
    28.89874255779908,
    28.5284923534439,
    28.471277149903717,
    29.321547689801335,
    30.342344018461915,
    28.858680318527583
  ]
}