{
  "iter": 100000,
  "global_step": 99999,
  "valset_mean_mse": 0.0012157064584943538,
  "valset_mean_psnr": 29.194861375120922,
  "valset_psnr_per_image": [
    28.914326986638255,
    28.888087763513205,
    29.182879209437456,
    29.16410324205019,
    29.147349942335268,
    29.67793248827386,
    30.65263042077174,
    28.84143072175685,
    28.585141819036895,
    28.22795926220019,
    29.228997768790215,
    30.191514655357672,
    28.830843596410155
  ]
}