{
  "iter": 100000,
  "global_step": 99999,
  "valset_mean_mse": 0.0058888213243335485,
  "valset_mean_psnr": 22.369452819949963,
  "valset_psnr_per_image": [
    21.11651985513018,
    22.875387544013282,
    22.41905632039679,
    23.066847560259596
  ]
}