{
  "iter": 100000,
  "global_step": 99999,
  "valset_mean_mse": 0.0017795367748476565,
  "valset_mean_psnr": 27.766832782016305,
  "valset_psnr_per_image": [
    25.179213831542636,
    31.09956858706955,
    26.43276342593952,
    27.291439647070618,
    26.507054380143135,
    25.86937940392437,
    28.54174394083824,
    29.96525986313238,
    27.2007069299803,
    28.8455234381186,
    28.187167663818542,
    27.91826518735205,
    27.93073986728195
  ]
}