{
  "iter": 100000,
  "global_step": 99999,
  "valset_mean_mse": 0.001470666378736496,
  "valset_mean_psnr": 28.509978147124436,
  "valset_psnr_per_image": [
    28.237686162796077,
    28.239525952360765,
    26.76391409351352,
    28.473128629386807,
    30.835635897565
  ]
}