{
  "iter": 100000,
  "global_step": 99999,
  "valset_mean_mse": 0.0028704056361069283,
  "valset_mean_psnr": 25.457181736976338,
  "valset_psnr_per_image": [
    24.683508345095134,
    25.712235839369484,
    25.9758010264644
  ]
}