{
  "iter": 100000,
  "global_step": 99999,
  "valset_mean_mse": 0.0018916036933660507,
  "valset_mean_psnr": 27.271773508844234,
  "valset_psnr_per_image": [
    26.515100206635793,
    27.351381545636304,
    27.948838774260608
  ]
}