{
  "iter": 100000,
  "global_step": 99999,
  "valset_mean_mse": 0.0015971625805832445,
  "valset_mean_psnr": 28.118167791642577,
  "valset_psnr_per_image": [
    27.82816422702308,
    27.85271461424701,
    26.568169699474936,
    28.10816543290163,
    30.23362498456622
  ]
}