{
  "iter": 100000,
  "global_step": 99999,
  "valset_mean_mse": 0.002334134397096932,
  "valset_mean_psnr": 26.40275898783907,
  "valset_psnr_per_image": [
    26.054964779422942,
    26.16024941327105,
    25.45331948619143,
    26.256556300732022,
    28.088704959577896
  ]
}