{
  "iter": 100000,
  "global_step": 99999,
  "valset_mean_mse": 0.001885581489962836,
  "valset_mean_psnr": 27.28981033041079,
  "valset_psnr_per_image": [
    26.496369903845206,
    27.368941446480797,
    28.00411964090637
  ]
}