{
  "iter": 100000,
  "global_step": 99999,
  "valset_mean_mse": 0.007455326383933425,
  "valset_mean_psnr": 21.413017900123727,
  "valset_psnr_per_image": [
    20.621666854005976,
    23.38612598915745,
    20.615058076301228,
    21.029220681030246
  ]
}