{
  "iter": 100000,
  "global_step": 99999,
  "valset_mean_mse": 0.009029430453665555,
  "valset_mean_psnr": 20.52981883128271,
  "valset_psnr_per_image": [
    20.05934932291808,
    22.092496809569674,
    19.927200225076888,
    20.040228967566204
  ]
}