{
  "iter": 100000,
  "global_step": 99999,
  "valset_mean_mse": 0.002861357138802608,
  "valset_mean_psnr": 25.48696427846625,
  "valset_psnr_per_image": [
    24.556334482034803,
    25.81916469307686,
    26.085393660287085
  ]
}