{
  "iter": 100000,
  "global_step": 99999,
  "valset_mean_mse": 0.0018813705537468195,
  "valset_mean_psnr": 27.294562215982285,
  "valset_psnr_per_image": [
    26.54955544252987,
    27.36196889423144,
    27.97216231118556
  ]
}