{
  "iter": 100000,
  "global_step": 99999,
  "valset_mean_mse": 0.0009964826436211856,
  "valset_mean_psnr": 30.10459345189491,
  "valset_psnr_per_image": [
    29.460388534461206,
    29.552173103431144,
    28.046261992289025,
    30.595703548518912,
    30.411587555562186,
    30.631277926914837,
    29.44563095776789,
    30.912544431955308,
    30.954096487876214,
    30.828737256673545,
    29.24278383615549,
    30.256107781119148,
    31.02242146190897
  ]
}