{
  "iter": 100000,
  "global_step": 99999,
  "valset_mean_mse": 0.0024995495242854725,
  "valset_mean_psnr": 26.09938794159054,
  "valset_psnr_per_image": [
    26.87387913060232,
    27.326749597224016,
    26.17080628633479,
    25.82340886243199,
    25.16434454099386,
    26.06040461673434,
    26.183818923328168,
    26.11384194240129,
    24.351290098090313,
    25.10298496600738,
    27.128485967400962,
    26.336662756241264,
    26.65536555288632
  ]
}