{
  "iter": 100000,
  "global_step": 99999,
  "valset_mean_mse": 0.0005495823704852507,
  "valset_mean_psnr": 32.85890720392491,
  "valset_psnr_per_image": [
    31.911158612315536,
    31.71597852619241,
    29.5593170591307,
    33.47242774879642,
    33.51662148360302,
    33.75887398894344,
    32.0627391208834,
    33.227999107492884,
    34.26375428470866,
    34.310753362037836,
    31.28322492743147,
    32.86164468427732,
    35.22130074521066
  ]
}