{
  "iter": 100000,
  "global_step": 99999,
  "valset_mean_mse": 0.0022634218214079736,
  "valset_mean_psnr": 26.53250118311332,
  "valset_psnr_per_image": [
    26.092062380350328,
    26.284971957780627,
    25.597974912811218,
    26.54078853689693,
    28.1467081277275
  ]
}