{
  "iter": 100000,
  "global_step": 99999,
  "valset_mean_mse": 0.00901599577628076,
  "valset_mean_psnr": 20.538386637504676,
  "valset_psnr_per_image": [
    20.08528620365474,
    22.11730766715293,
    19.89144262017415,
    20.05951005903688
  ]
}