{
  "iter": 100000,
  "global_step": 99999,
  "valset_mean_mse": 0.0009653155799382008,
  "valset_mean_psnr": 30.269684006327655,
  "valset_psnr_per_image": [
    29.415281179398185,
    29.51382634419104,
    28.19118612184114,
    30.844587904059022,
    30.80013921795677,
    30.50924503331629,
    29.51745050635806,
    31.152536465177025,
    31.247478078860716,
    31.431655481218673,
    29.03449237865486,
    30.552115036921506,
    31.295898334306184
  ]
}