index,test_index,image,mse,psnr,ssim
0,0,000.png,0.0009739645756781101,30.11456794082649,0.9295666813850403
1,8,001.png,0.00029028559220023453,35.371743694443126,0.9634425640106201
2,16,002.png,0.0005625279736705124,32.49855798663799,0.9498438239097595
3,24,003.png,0.003042640397325158,25.167493586018423,0.9251466393470764
4,32,004.png,0.00033066075411625206,34.806172167814864,0.9599694013595581
5,40,005.png,0.0003897789865732193,34.09181466474183,0.9607616662979126
