{
  "iter": 100000,
  "global_step": 99999,
  "valset_mean_mse": 0.0010258722490666865,
  "valset_mean_psnr": 30.169318595685123,
  "valset_psnr_per_image": [
    27.071409710795187,
    33.518484975092,
    27.999224254407338,
    29.927995999742947,
    29.59489039679902,
    29.142169751258958,
    31.1846491383875,
    31.184651794946664,
    29.90161989228848,
    31.5894105228473,
    29.99781476954006,
    30.930000157340448,
    30.15882038046073
  ]
}