{
  "iter": 100000,
  "global_step": 99999,
  "valset_mean_mse": 0.005684533272869885,
  "valset_mean_psnr": 22.521192298294494,
  "valset_psnr_per_image": [
    21.31129357589024,
    22.94872108083043,
    22.505831622359377,
    23.318922914097925
  ]
}