{
  "iter": 100000,
  "global_step": 99999,
  "valset_mean_mse": 0.002376820148828511,
  "valset_mean_psnr": 26.34096290768586,
  "valset_psnr_per_image": [
    27.212396632608854,
    27.6525263892043,
    26.508790615100743,
    25.872222928157925,
    25.0555195887236,
    26.172274922688693,
    26.6167415610851,
    26.301219007348923,
    24.75016320631417,
    24.9645074142345,
    27.525435197823626,
    26.55880887511513,
    27.241911461510654
  ]
}