index,test_index,image,mse,psnr,ssim
0,0,000.png,0.0022242004051804543,26.528260649459064,0.8106054663658142
1,8,001.png,0.003208485431969166,24.936999147334333,0.7884642481803894
2,16,002.png,0.0012089165393263102,29.176036448205775,0.8593696355819702
3,24,003.png,0.0013360435841605067,28.74179341651121,0.8787412047386169
4,32,004.png,0.0017534964717924595,27.56095078857513,0.87716144323349
5,40,005.png,0.0012830256018787622,28.917646436466473,0.8874220252037048
6,48,006.png,0.0017436875496059656,27.585313085098974,0.8485458493232727
7,56,007.png,0.0030699928756803274,25.12862618212313,0.8406622409820557
