{
  "iter": 100000,
  "global_step": 99999,
  "valset_mean_mse": 0.0019724308901155987,
  "valset_mean_psnr": 27.094201668837115,
  "valset_psnr_per_image": [
    26.295688119251626,
    27.18797048919795,
    27.798946398061766
  ]
}