{
  "iter": 100000,
  "global_step": 99999,
  "valset_mean_mse": 0.006216128123924136,
  "valset_mean_psnr": 22.133160719297614,
  "valset_psnr_per_image": [
    20.897724603660187,
    22.56699645351989,
    22.188140571046265,
    22.879781248964115
  ]
}