{
  "iter": 200000,
  "global_step": 199999,
  "valset_mean_mse": 0.001336479908786714,
  "valset_mean_psnr": 28.964454677846412,
  "valset_psnr_per_image": [
    28.94976232427439,
    28.767009444873114,
    27.06305162679198,
    28.497455618982677,
    31.544994374309915
  ]
}